carga,metodo,bytes_archivo,bytes_ocultos,capacidad,uso_pct,bytes_usados,bytes_cambiados,bits_cambiados,tasa_cambio_pct,pct_portador,mascara,cambio_max,b0,b1,b2,b3,ultimo_offset,cambios_B,cambios_G,cambios_R,mse,psnr,extraccion_ok,identico_catedra
png,LSB1,44886,44895,115200,38.9714,359160,190182,190182,52.9519,20.6361,0x01,1,190182,0,0,0,359213,63231,63610,63341,0.206361,54.9845,si,si
png,LSB4,44886,44895,460800,9.7428,89790,85370,205965,95.0774,9.2632,0x0f,15,50123,51465,51853,52524,89843,28437,28490,28443,8.763059,38.7042,si,si
png,LSBI,44886,44895,76799,58.4578,359164,170852,170852,47.5694,18.5386,0x01,1,170852,0,0,0,538794,85551,85301,0,0.185386,55.4500,si,si
paper,LSB1,226,235,115200,0.2040,1880,1051,1051,55.9043,0.1140,0x01,1,1051,0,0,0,1933,353,344,354,0.001140,77.5602,si,n/a
paper,LSB4,226,235,460800,0.0510,470,454,1041,96.5957,0.0493,0x0f,15,304,170,171,396,523,154,150,150,0.052747,60.9088,si,n/a
paper,LSBI,226,235,76799,0.3060,1884,835,835,44.3206,0.0906,0x01,1,835,0,0,0,2862,450,384,1,0.000906,78.5594,si,n/a
azar,LSB1,40000,40009,115200,34.7300,320072,159834,159834,49.9369,17.3431,0x01,1,159834,0,0,0,320125,53296,53173,53365,0.173431,55.7395,si,n/a
azar,LSB4,40000,40009,460800,8.6825,80018,74983,160169,93.7077,8.1362,0x0f,15,40219,40101,39932,39917,80071,24981,25025,24977,5.747846,40.5358,si,n/a
azar,LSBI,40000,40009,76799,52.0957,320076,159773,159773,49.9172,17.3365,0x01,1,159773,0,0,0,480163,79805,79967,1,0.173365,55.7412,si,n/a
