caso,patron,cambiados,sin_cambio,invertido,cambios_finales
png,00,32367,32028,1,32028
png,01,32650,32263,1,32263
png,10,35119,34980,1,34980
png,11,88172,71581,1,71581
png,total,188308,170852,-,170852
paper,00,0,0,0,0
paper,01,0,0,0,0
paper,10,3,7,0,3
paper,11,1041,829,1,829
paper,total,1044,836,-,832
azar,00,27267,27351,0,27267
azar,01,27723,27470,1,27470
azar,10,30025,30210,0,30025
azar,11,75017,75009,1,75009
azar,total,160032,160040,-,159771
aes256ofb,00,32102,32298,0,32102
aes256ofb,01,32443,32478,0,32443
aes256ofb,10,34983,35124,0,34983
aes256ofb,11,79963,79801,1,79801
aes256ofb,total,179491,179701,-,179329
descfb,00,32315,32085,1,32085
descfb,01,32378,32543,0,32378
descfb,10,34983,35124,0,34983
descfb,11,79749,80015,0,79749
descfb,total,179425,179767,-,179195
